nome;indirizzo;CAP;municipio;motivo;sito_rilevato;note;ragione_sociale;cod_ministero
Farmacia Unica Nova Salus;Corso TRIESTE, 29 ABCD;00198;II;fa parte di una catena;unicafarmacia.it;"rete Unica Farmacia; farmacianovasalus.com mostra pagina di default del server";FARMACIA UNICA NOVA SALUS;9231
Farmacrimi Apuania Srl;Piazzale della Stazione Tiburtina, 1;00162;II;fa parte di una catena;farmacrimi;rete FarmaCrimi (stazione Tiburtina);FARMACRIMI APUANIA Srl;9170
Farmacia Dottori Damiani Societa' A Responsabilita' Limitata;Via Po, 37 c/d/e;00198;II;ha un sito;farmaciapo.com;"e-commerce + sottodomini farmaciapo.com; farmaciadamiani-roma.it non raggiungibile";FARMACIA DOTTORI DAMIANI SOCIETA' A RESPONSABILITA' LIMITATA;9249
Farmacia Marzoli 4 S.R.L.;Via Lorenzo il Magnifico, 116A;00162;II;ha un sito;farmaciamarzoli.it;rete Farmacie Marzoli;Farmacia Marzoli 4 s.r.l.;9206
Farmacia Moretti S.A.S. Del Dottor Francesco Moretti;Via Fezzan, 16/18;00199;II;ha un sito;farmaciamoretti.bdf.land;mini-sito su piattaforma;FARMACIA MORETTI S.A.S. DEL DOTTOR FRANCESCO MORETTI;9141
Farmacia Piazza Bologna Dott.Rocco Crimi Societa' A Responsabilita' Limitata;Piazza Bologna, 19/20;00162;II;ha un sito;farmaciapiazzabologna.it;;FARMACIA PIAZZA BOLOGNA DOTT.ROCCO CRIMI SOCIETA' A RESPONSABILITA' LIMITATA;9197
Farmacia Porta Pia Sas Del Dr. Emilio Cabella & C.;Via Nomentana, 25;00161;II;ha un sito;farmaciaesteticaportapia.com;;FARMACIA PORTA PIA SAS DEL DR. EMILIO CABELLA & C.;9278
Farmacia San Carlo S.R.L. Del Dott. Stefano Melchiorri;Viale Delle Provincie, 66/68/70/72;00162;II;ha un sito;farmaciasancarloroma.com;;Farmacia San Carlo S.r.l. Del Dott. Stefano Melchiorri;9120
Farmacia Tre Madonne 2 Sas Della Dottssa Maria Beatrice Labate;Via GIOVANNI ANTONELLI, 30;00197;II;ha un sito;farmaciatremadonne.it;stessa rete Tre Madonne (da confermare);FARMACIA TRE MADONNE 2 SAS DELLA DOTTSSA MARIA BEATRICE LABATE;9208
Farmacia Villa Ada Snc;Via Anapo, 38/40;00199;II;ha un sito;farmaciamessina.net;;FARMACIA VILLA ADA SNC;9140
Farmacie Gallotta S.R.L.;Corso Francia, 172-174-176;00191;II;ha un sito;farmaciegallotta.it;rete Farmacie Gallotta;FARMACIE GALLOTTA S.R.L.;9723
Farmacie Mannella Di Fabrizio Mannella & C. Societa' In Nome Coll Ettivo;Via Bulgaria, 35;00196;II;ha un sito;farmaciemannella.it;rete Farmacie Mannella;FARMACIE MANNELLA DI FABRIZIO MANNELLA & C. SOCIETA' IN NOME COLL ETTIVO;9177
Flaminia  Iv;Viale Pinturicchio, 19/A;00196;II;ha un sito;farmaciemannella.it;rete Farmacie Mannella (sede Pinturicchio);FLAMINIA  IV;9162
Flaminia Iii;Viale del Vignola, 113;00196;II;ha un sito;farmaciemannella.it;rete Farmacie Mannella (stessa P.IVA);Flaminia III;9236
Gallotta Snc Di Maria Teresa E Marco Gallotta;Via C. Fracassini, 26;00196;II;ha un sito;farmaciegallotta.it;rete Farmacie Gallotta;GALLOTTA SNC DI MARIA TERESA E MARCO GALLOTTA;9118
Gallotta Snc Di Maria Teresa E Marco Gallotta;Via Pannini, 37;00196;II;ha un sito;farmaciegallotta.it;rete Farmacie Gallotta;GALLOTTA SNC DI MARIA TERESA E MARCO GALLOTTA;9166
Gellini Dr.Ssa Cristina Fabro;Corso Italia, 100;00198;II;ha un sito;farmaciagellininostoph24.com;risponde 403 a richieste automatiche, sito indicizzato;GELLINI DR.SSA CRISTINA FABRO;9167
Girotti Filippo;Via Alessandria, 101;00198;II;ha un sito;farmaciagirotti.it;;GIROTTI FILIPPO;9245
Grilli Angela;Via Flaminia, 115/117;00196;II;ha un sito;farmaciabellearti.it;Farmacia Belle Arti (e-commerce);Grilli Angela;9201
M & T Roma Farmacie Di Mariani Natalino & C. Sas;Via Lorenzo il Magnifico, 60;00162;II;ha un sito;farmaciemariani.com;rete Farmacie Mariani;M & T ROMA FARMACIE DI MARIANI NATALINO & C. SAS;9215
M&T Roma Farmacie Di Mariani Natalino & C. Sas;Via Livorno, 27/a;00162;II;ha un sito;farmaciemariani.com;rete Farmacie Mariani;M&T ROMA FARMACIE DI MARIANI NATALINO & C. SAS;9228
Parioli Del Dr. Recchi Franceschini Rinaldo Sas;Piazza Santiago del Cile, 23;00197;II;ha un sito;farmaciaparioli.it;;PARIOLI DEL DR. RECCHI FRANCESCHINI RINALDO SAS;9096
Piazza Regina Margherita Del Dott. Emilio Manfredi;Viale Regina Margherita, 221/223;00198;II;ha un sito;farmaciapiazzareginamargherita.it;Apoteca Natura;PIAZZA REGINA MARGHERITA DEL DOTT. EMILIO MANFREDI;9097
Ponzi Ennio Sas;Piazza Massa Carrara, 9;00162;II;ha un sito;farmaciaponzi.com;;PONZI ENNIO SAS;9135
Torlonia Snc Dei Dr.I Lucilla Palmesano E Vincenzo Iennaco;Via Alessandro Torlonia, 1/b;00161;II;ha un sito;farmaciatorlonia.it;email libero.it;TORLONIA SNC DEI DR.I LUCILLA PALMESANO E VINCENZO IENNACO;9265
Tre Madonne;Via Bertoloni, 5;00197;II;ha un sito;farmaciatremadonne.it;;TRE MADONNE;9229
Verbano Di Andrea Ielmini;Piazza Verbano, 14;00199;II;ha un sito;farmaciaverbano.com;;VERBANO DI ANDREA IELMINI;9250
Vita Sas;Via Villa S. Filippo, 18;00197;II;ha un sito;farmaciavita.it;;VITA sas;9209
Comunale Castel Giubileo;Via Montappone, 46;00138;III;fa parte di una catena;farmacap;Farmacia comunale Farmacap;COMUNALE CASTEL GIUBILEO;9319
Comunale Farmacap Borgata Fidene;Viale G. Cervi, 14/30;00139;III;fa parte di una catena;farmacap;Farmacia comunale Farmacap;Comunale Farmacap Borgata Fidene;17253
Comunale Farmacap La Cinquina;Via di Tor San Giovanni, 167-169;00139;III;fa parte di una catena;farmacap;Farmacia comunale Farmacap;COMUNALE FARMACAP LA CINQUINA;17269
Comunale M.Te Resegone-Val Melaina;Via C. Baseggio, 112-120;00139;III;fa parte di una catena;farmacap;Farmacia comunale Farmacap;COMUNALE M.TE RESEGONE-VAL MELAINA;9355
Comunale N.2 Cecchina;Via Gaspara Stampa, 71/73;00137;III;fa parte di una catena;farmacap;Farmacia comunale Farmacap;COMUNALE N.2 CECCHINA;9325
Comunale Vigne Nuove - Tufello;Via Dina Galli, 7;00139;III;fa parte di una catena;farmacap;Farmacia comunale Farmacap;COMUNALE VIGNE NUOVE - TUFELLO;9354
Farmacap - Farmacia Comunale Ennio Flaiano;Via Passo del Turchino, 8/10/12;00139;III;fa parte di una catena;farmacap;Farmacia comunale Farmacap;FARMACAP - FARMACIA COMUNALE ENNIO FLAIANO;21120
Farmacia Casini Srl;Via Nomentana, 939/R;00137;III;fa parte di una catena;lafarmacia.it;rete Lafarmacia. (pagina casini sul sito centrale);FARMACIA CASINI SRL;9248
Aniene Sas Di Paolo Fabrizi & C.;Via Cimone, 119/a;00141;III;ha un sito;farmacianiene.it;sito JS (Farmacia Aniene);ANIENE SAS DI PAOLO FABRIZI & C.;9123
Calvani Snc Di Caselli Sergio E Ciambellini Maurizio;Via Radicofani, 206/a (B.ta Fidene);00138;III;ha un sito;farmaciacalvani.it;;CALVANI SNC DI CASELLI SERGIO E CIAMBELLINI MAURIZIO;9110
Farmacia  Delle Valli Di Maria Luisa Rita Rovere & C. Snc;Viale VAL PADANA, 67/75;00141;III;ha un sito;farmaciadellevalli.it;sito condiviso con Farmacia Facciolà;FARMACIA  DELLE VALLI DI MARIA LUISA RITA ROVERE & C. SNC;9180
Farmacia Brunetta Sas Del Dr. Bruno Brunetta & C.;Via dei Campi Flegrei, 11;00141;III;ha un sito;farmaciabrunetta.com;;FARMACIA BRUNETTA SAS DEL DR. BRUNO BRUNETTA & C.;9183
Farmacia Dott. Zelli Mauro S.R.L.;Via Di Valle Melania, 151;00139;III;ha un sito;farmaciazellimauro.it;;Farmacia Dott. Zelli Mauro S.r.l.;9128
Farmacia Francesca Marzoli S.R.L.;Via Franco Sacchetti, 93;00137;III;ha un sito;farmaciamarzoli.it;rete Farmacie Marzoli;FARMACIA FRANCESCA MARZOLI S.R.L.;9243
Farmacia Leopardi Sas;Piazza Monte Gennaro, 17/B;00139;III;ha un sito;farmacialeopardi.com;;FARMACIA LEOPARDI SAS;9156
Farmacia Marzoli 2 S.R.L.;Via Montaione, 68/70;00139;III;ha un sito;farmaciamarzoli.it;rete Farmacie Marzoli;FARMACIA MARZOLI 2 S.R.L.;9104
Farmacia Marzoli 3 S.R.L.;Via Di Settebagni, 300;00139;III;ha un sito;farmaciamarzoli.it;rete Farmacie Marzoli;FARMACIA MARZOLI 3 S.R.L.;20346
Farmacia Montesacro S.R.L.;Via Luigi Capuana, 121;00137;III;ha un sito;farmaciamontesacro.com;;FARMACIA MONTESACRO S.r.l.;19424
Farmacia Muzi Sas Di Fabrizio Muzi;Via Ugo Ojetti, 102;00137;III;ha un sito;farmaciamuzi.it;;FARMACIA MUZI SAS DI FABRIZIO MUZI;9153
Farmacia Parco Delle Sabine Snc;Via Monte Giberto, 23;00138;III;ha un sito;farmaciaparcodellesabine.it;piattaforma Valore Salute;FARMACIA PARCO DELLE SABINE SNC;19427
Farmacia Passalacqua S.A.S.;Via Ugo Ojetti, 412/a;00137;III;ha un sito;farmaciapassalacqua.com;;Farmacia Passalacqua S.a.s.;9186
Farmacia Stracuzzi Srl;Viale Adriatico, 107;00141;III;ha un sito;farmaciastracuzziroma.it;Apoteca Natura;FARMACIA STRACUZZI SRL;9253
Fcf Farma Srl;Viale Tirreno, 243;00141;III;ha un sito;frellecati.wixsite.com/my-site-6;solo sito Wix gratuito (Farmacia Rellecati - FCF Farma): candidato a restyling;FCF FARMA SRL;9272
Gallotta Snc;Piazza dell'Ateneo Salesiano, 48;00139;III;ha un sito;farmaciegallotta.it;rete Farmacie Gallotta;GALLOTTA SNC;9199
Gallotta Snc Di Maria Teresa E Marco Gallotta;Via Monte Cervialto, 205;00139;III;ha un sito;farmaciegallotta.it;rete Farmacie Gallotta;GALLOTTA SNC DI MARIA TERESA E MARCO GALLOTTA;9164
Giovanni Verga N.735;Via Ugo Ojetti, 452/454;00137;III;ha un sito;farmaciadelparco.com;Farmacia del Parco;GIOVANNI VERGA n.735;20428
Piazzale Ionio 46;Piazzale Jonio, 46;00141;III;ha un sito;farmaciainesi.it;Farmacia Inesi;Piazzale Ionio 46;9119
Piccioni Tito;Via Val Sassina, 36;00141;III;ha un sito;farmaciapiccionitito.it;;PICCIONI TITO;9122
Prati Fiscali;Via Delle Isole Curzolane, 31;00139;III;ha un sito;farmaciapratifiscali.it;;Prati Fiscali;9269
San Gabriele Srl;Via Nomentana, 564-566;00141;III;ha un sito;farmaciasangabriel.it;aperta h24;SAN GABRIELE SRL;9139
Severi Silvestrini Corrado;Via Gargano, 50;00141;III;ha un sito;farmaciaseveri.it;;SEVERI SILVESTRINI CORRADO;9091
Eredi Simeoni Luigi;Via Rapagnano, 2;00138;III;rete con pagina dedicata sul sito centrale;;"Farmacia Eredi Simeoni; solo scheda negozio su e-commerce CEF e insegna Più Bene";EREDI SIMEONI LUIGI;9098
Farmacia Aurora Del Benessere Srl;Via dei Prati Fiscali, 278;00141;III;rete con pagina dedicata sul sito centrale;piubene.it;"rete Più Bene (pagina sul sito centrale); dominio auroradelbenessere.com parcheggiato";FARMACIA AURORA DEL BENESSERE SRL;9191
Cef La Farmacia Italiana - Roma S.R.L.;Via Torrevecchia, 851 ang. Via Tommaso Bernetti 1;00168;XIV;fa parte di una catena;lafarmaciaitaliana;CEF La Farmacia Italiana;CEF LA FARMACIA ITALIANA - ROMA S.R.L.;9758
Com.Le Farmacap Pietro Bembo;Via di Torrevecchia, 555-557;00168;XIV;fa parte di una catena;farmacap;Farmacia comunale Farmacap;COM.LE FARMACAP PIETRO BEMBO;17224
Comunale Palmarola;Via Casal del Marmo, 368-370;00135;XIV;fa parte di una catena;farmacap;Farmacia comunale Farmacap;COMUNALE PALMAROLA;10485
Farmaacquisition Srl Farmacia Conforti;Largo Nella Mortara, 8;00168;XIV;fa parte di una catena;farmacie-conforti.com;"società FarmaAcquisition (gruppo Hippocrates); sito farmacie-conforti.com non raggiungibile";FarmaAcquisition srl Farmacia Conforti;9679
Lafarmacia.Seneca S.R.L.;Piazza Carlo Mazzaresi, 41;00136;XIV;fa parte di una catena;lafarmacia.it;rete Lafarmacia.;LAFARMACIA.SENECA S.R.L.;9771
Lloydsfarmacia Roma 1;Via Della Balduina, 132;00136;XIV;fa parte di una catena;lloydsfarmacia.it;LloydsFarmacia (Benu);LloydsFarmacia Roma 1;9743
Colapinto Isabella;Piazza Capecelatro, 7;00168;XIV;ha un sito;farmaciacapecelatro.it;;COLAPINTO ISABELLA;9680
Farmacia Hermes S.N.C. Dei Dott.Ri Lucia Minervini, Matilde Minervini E Rosario Musumeci;Via Di Casal Del Marmo 280;00135;XIV;ha un sito;farmaciahermes.it;;Farmacia Hermes S.n.c. Dei Dott.ri Lucia Minervini, Matilde Minervini E Rosario Musumeci;19764
Farmacia Maccagno S.R.L.;Via Romeo Rodriguez Pereira, 154;00136;XIV;ha un sito;farmaciamaccagno.it;;Farmacia Maccagno S.r.l.;9734
Farmacia Pineta Sacchetti Di Avenia Antonio E C. Societa' In Nomecollettivo;Via Pineta Sacchetti, 464;00168;XIV;ha un sito;farmaciapinetasacchetti.it;;Farmacia Pineta Sacchetti Di Avenia Antonio E C. Societa' In Nomecollettivo;9767
Farmacia Salvatore Vaccarella Srl;Largo LUCIO APULEIO, 11/B;00136;XIV;ha un sito;farmaciavaccarella.it;Apoteca Natura;FARMACIA SALVATORE VACCARELLA SRL;9776
Farmacia Sant'Andrea Snc;Via Del Casale Sansoni, 56-56a;00135;XIV;ha un sito;farmaciasantandrearoma.it;;FARMACIA SANT'ANDREA SNC;21020
Gaoni Di Paolo E Roberta Gaoni Snc;Viale Medaglie D'Oro, 417;00136;XIV;ha un sito;farmaciagaoni.it;Apoteca Natura;GAONI DI PAOLO E ROBERTA GAONI SNC;9768
Gruppo Farmacie Igea Srl;Largo Cervinia, 23;00135;XIV;ha un sito;farmaciaigea.com;Gruppo Farmacie Igea;GRUPPO FARMACIE IGEA SRL;9699
Magnanimi Laura;Via del Millesimo, 25;00168;XIV;ha un sito;farmaciatorrevecchia.it;;MAGNANIMI LAURA;9746
Medicamenta  Farma  S.R.L.;Via Trionfale, 8291;00135;XIV;ha un sito;medicamentafarma.it;rete Medicamenta Farma;MEDICAMENTA  FARMA  S.R.L.;9774
Pharmagoli Di Alessandro Golizadehakhlaghi;Via F. Cherubini, 40;00135;XIV;ha un sito;pharmagoli.com;Farmacia della Vittoria (ex Silvestrini);PHARMAGOLI DI ALESSANDRO GOLIZADEHAKHLAGHI;9708
Spagnoli Srl;Via TORREVECCHIA, 212/A;00168;XIV;ha un sito;farmaciaspagnoli.it;;SPAGNOLI SRL;9684
Farmacia Valle Santa S.N.C. Dei Dottori Casarella Vincenzo E Grimaldi Anna;Via Di Boccea, 1056;00166;XIV;rete con pagina dedicata sul sito centrale;piubene.it;rete Più Bene (pagina sul sito centrale) + Facebook;Farmacia Valle Santa S.n.c. Dei Dottori Casarella Vincenzo E Grimaldi Anna;19467
Comunale Farmacap Mario Fani;Viale Cortina D'Ampezzo, 317;00135;XV;fa parte di una catena;farmacap;Farmacia comunale Farmacap;COMUNALE FARMACAP MARIO FANI;17260
Farmacia Cassia Gsm S.N.C.;Via Cassia, 1661/1663;00123;XV;ha un sito;farmaciacassia.it;Farmacia Cassia GSM;FARMACIA CASSIA GSM S.N.C.;19413
Farmacia Corsetti S.A.S. Della Dott.Ssa Emanuela Villa;Via LUIGI BODIO, 75;00191;XV;ha un sito;farmaciacorsetti.it;"titolo ""Farmacia Corsetti Dr. Pio"" - confermare che sia la sede di Via Bodio";FARMACIA CORSETTI S.A.S. DELLA DOTT.SSA EMANUELA VILLA;9693
Farmacia Grana Sas  Del Dott. Pietro Grana;Via di Villa Severini, 34;00191;XV;ha un sito;farmaciagrana.it;;Farmacia Grana SAS  del Dott. Pietro Grana;9692
Farmacia Ianni Dei D.Ri Emirene E Gianluca Ianni S.N.C.;Via di Grottarossa, 161-161/A;00189;XV;ha un sito;farmaciaianni.it;stessa società di Via Cassia 942;Farmacia Ianni Dei D.ri Emirene E Gianluca Ianni S.n.c.;9685
Farmacia Rallo  Di Sandra E Silvia Snc;Via Flaminia Vecchia, 673;00191;XV;ha un sito;farmaciarallo.it;il sito ha risposto 503 al controllo - riverificare;FARMACIA RALLO  DI SANDRA E SILVIA SNC;9739
Farmacia Ss. Cosma E Damiano;Via Al Sesto Miglio 30/32;00189;XV;ha un sito;farmaciasanticosmaedamiano.it;anche Facebook;Farmacia Ss. Cosma E Damiano;19848
Farmacia Valle Muricana Del Dr. Francesco Capria & C. Snc;Via Valle Muricana, 685/687/687A;00188;XV;ha un sito;farmaciacapriaroma.com;;Farmacia Valle Muricana del dr. Francesco Capria & C. Snc;20436
Farmacie La Giustiniana S.R.L.-Sede 657;Via Cassia, 1348;00123;XV;ha un sito;farmacialagiustiniana.it;;FARMACIE LA GIUSTINIANA S.R.L.-SEDE 657;9700
Farmacie La Giustiniana Srl-Sede 844;Via Cassia, 1277 C;00189;XV;ha un sito;farmacialagiustiniana.it;stessa società di Via Cassia 1348 (da confermare);FARMACIE LA GIUSTINIANA SRL-SEDE 844;20393
Farmacie Rigano Snc;Via ANGUILLARESE, 111/113;00123;XV;ha un sito;farmaciarigano.it;Apoteca Natura;FARMACIE RIGANO SNC;9761
Giampaolo Vita;Via flaminia, 719;00191;XV;ha un sito;farmaciavitaroma.it;;giampaolo vita;9778
Ianni Dei Dr.I Emirene E Gianluca Ianni Snc;Via Cassia, 942;00189;XV;ha un sito;farmaciaianni.it;Farmacia Ianni (anche sede 9685 Grottarossa);IANNI DEI DR.I EMIRENE E GIANLUCA IANNI SNC;9724
Onofri Daniela;Via di Valle Muricana, 369;00188;XV;ha un sito;farmaciaonofri.it;;ONOFRI DANIELA;9715
San Godenzo Sas Dr. Emilio Gabella & C.;Via Cassia, 534;00189;XV;ha un sito;farmaciasangodenzo.it;;SAN GODENZO SAS DR. EMILIO GABELLA & C.;9705
Gatti Laura;Via della Giustiniana, 102/B;00188;XV;rete con pagina dedicata sul sito centrale;piubene.it;"Farmacia Prima Porta (dr.ssa Laura Gatti); insegna Più Bene - verificare pagina sul sito di rete";GATTI LAURA;9736
Rizzo Delle Dr.Sse Rizzo Donatella E Daniela Snc;Via Monti della Valchetta, 74-76-76/A-76/B;00188;XV;rete con pagina dedicata sul sito centrale;apotecanatura.it;pagina sul sito Apoteca Natura e insegna Più Bene + Facebook;RIZZO DELLE DR.SSE RIZZO DONATELLA E DANIELA SNC;9729
