nome;indirizzo;CAP;quartiere;municipio;telefono;email;orari;social;valutazione_google;stato;presenza_web;sito_rilevato;note;fonti;data_verifica;ragione_sociale;P.IVA;cod_ministero
Farmacia Guarnacci E Barbieri;Via Flaminia, 5/7;00196;Flaminio;II;06 3610905;n.d.;"Lun-Ven 7:30-19:30; Sab 8:30-19:30; Dom 8:30-13:00";n.d.;n.d.;ATTIVA;NESSUNA;;Farmacia Guarnacci e Barbieri;"Ministero Salute open data (06/10/2026); farmaciediturno.org; ricerca web; verifica HTTP del dominio";2026-10-06;GUARNACCI SNC DI LAURA GUARNACCI E GIULIA BARBIERI;10178441001;9165
Farmacia Caluori;Piazzale Provincie, 8/a;00162;Nomentano;II;06 44244761;n.d.;"Lun-Ven 8:00-20:00; Sab 8:30-13:00 e 16:00-20:00; Dom chiusa";n.d.;n.d.;ATTIVA;NESSUNA;;"servizi: holter, ECG, intolleranze, foratura lobi; dal 1985";"Ministero Salute open data (06/10/2026); farmaciediturno.org; ricerca web; verifica HTTP del dominio";2026-10-06;CALUORI SNC DI LUCIA E CARLA CALUORI;05908751000;9168
Farmacia Durazzano;Viale XXI Aprile, 42-42a;00162;Nomentano;II;06 44233259;n.d.;"Lun-Ven 8:30-19:30; Sab 8:30-13:00; Dom chiusa";n.d.;n.d.;ATTIVA;NESSUNA;;"dr.ssa Alessandra Riscazzi; galenica, consulenza nutrizionale";"Ministero Salute open data (06/10/2026); farmaciediturno.org; ricerca web; verifica HTTP del dominio";2026-10-06;FARMACIA DURAZZANO SRL;16416881007;9157
Farmacia Mancini;Viale XXI Aprile, 31;00162;Nomentano;II;06 86207150;n.d.;"Lun-Ven 8:30-20:00; Sab 8:30-13:00; Dom chiusa (di turno questa settimana)";n.d.;n.d.;ATTIVA;NESSUNA;;Farmacia Mancini (dr. Fabrizio Mancini);"Ministero Salute open data (06/10/2026); farmaciediturno.org; ricerca web; verifica HTTP del dominio";2026-10-06;EREDI MANCINI DI LORENZO MANCINI;13104841005;9115
Farmacia Mazzantini;Via Sant'Angela Merici, 69;00162;Nomentano;II;06 86321183;n.d.;"Lun-Sab 8:30-19:30; Dom chiusa";n.d.;n.d.;ATTIVA;NESSUNA;;;"Ministero Salute open data (06/10/2026); farmaciediturno.org; ricerca web; verifica HTTP del dominio";2026-10-06;MAZZANTINI ALESSANDRA;08289171004;9273
Farmacia Piazza Lecce;Piazza Lecce, 13/14;00161;Nomentano;II;06 44258401;n.d.;"Lun-Ven 8:30-20:00; Sab 8:30-13:00 e 16:00-19:30; Dom 9:00-13:00";n.d.;n.d.;ATTIVA;NESSUNA;;pagina paladinpharma.it (aggregatore);"Ministero Salute open data (06/10/2026); farmaciediturno.org; ricerca web; verifica HTTP del dominio";2026-10-06;PIAZZA LECCE SNC DEL DR.  ERNESTO ROSSI;07815840637;9093
Farmacia Sant'Antonio Da Padova;Via R. Lanciani, 55;00162;Nomentano;II;06 86320271;n.d.;"Lun-Ven 8:30-13:00 e 16:30-19:30; Sab 8:30-13:00; Dom chiusa";n.d.;n.d.;ATTIVA;NESSUNA;;Farmacia Sant'Antonio da Padova (dr. Cosimo Guidotti);"Ministero Salute open data (06/10/2026); farmaciediturno.org; ricerca web; verifica HTTP del dominio";2026-10-06;Guidotti SNC;16847181001;9150
Farmacia Santa Rita;Viale XXI Aprile, 2e 2f;00162;Nomentano;II;06 86209834;n.d.;"Lun-Ven 8:30-19:30; Sab 8:30-13:00; Dom chiusa";n.d.;n.d.;ATTIVA;NESSUNA;;dr.ssa Caterina Alessio;"Ministero Salute open data (06/10/2026); farmaciediturno.org; ricerca web; verifica HTTP del dominio";2026-10-06;SANTA RITA;10844240589;9257
Farmacia Ippocrate;Via D. Morichini, 24/26;00161;Nomentano (Policlinico);II;06 44237198;n.d.;"Lun-Ven 8:30-13:30 e 16:00-20:00; Sab-Dom chiusa";n.d.;n.d.;ATTIVA;NESSUNA;;"Farmacia Ippocrate; solo directory";"Ministero Salute open data (06/10/2026); farmaciediturno.org; ricerca web; verifica HTTP del dominio";2026-10-06;IPPOCRATE SNC DI FRANCESCO MARIA DE BELLA E C.;12668721009;9108
Farmacia Delle Muse;Via Tommaso Salvini, 47-49;00197;Parioli;II;06 8077376;n.d.;"Lun-Ven 8:30-13:00 e 16:00-20:00; Sab 8:30-13:00; Dom chiusa";n.d.;n.d.;ATTIVA;NESSUNA;;"nota anche come Farmacia delle Muse; farmaciarotondo.it è di Pescara";"Ministero Salute open data (06/10/2026); farmaciediturno.org; ricerca web; verifica HTTP del dominio";2026-10-06;ROTONDO RAFFAELLA;17461471009;9280
Farmacia Villa Borghese;Via G. Pacini, 15;00198;Pinciano;II;06 8416529;n.d.;"Lun-Ven 8:30-20:00; Sab 8:30-13:00; Dom chiusa";n.d.;n.d.;ATTIVA;NESSUNA;;Farmacia Villa Borghese (Bagnarelli Marta & Michela);"Ministero Salute open data (06/10/2026); farmaciediturno.org; ricerca web; verifica HTTP del dominio";2026-10-06;FARMACIA VILLA BORGHESE S.N.C. DI BAGNARELLI MARTA & MICHELA;17566321000;9116
Farmacia Sant'Agnese;Viale Eritrea, 32 a;00199;Quartiere Africano;II;06 86218384;n.d.;"Lun-Ven 8:30-19:30; Sab 8:30-13:00; Dom chiusa";n.d.;n.d.;ATTIVA;NESSUNA;;Farmacia Sant'Agnese (dr. Giuseppe Lo Giudice);"Ministero Salute open data (06/10/2026); farmaciediturno.org; ricerca web; verifica HTTP del dominio";2026-10-06;LO GIUDICE GIUSEPPE;08595080584;9193
Farmacia Tripolitania;Via Migiurtina, 43/45;00199;Quartiere Africano;II;06 86208457;farmaciachimentisnc@pec.libero.it (PEC);"Lun-Ven 8:30-20:00; Sab 8:30-19:30; Dom chiusa";n.d.;n.d.;ATTIVA;NESSUNA;;"Farmacia Chimenti (dr. Bruno Chimenti); prodotti per celiaci";"Ministero Salute open data (06/10/2026); farmaciediturno.org; ricerca web; verifica HTTP del dominio";2026-10-06;CHIMENTI BRUNO;00949980585;9101
Farmacia Salaria;Via salaria, 288/a;00199;Salario;II;06 8414128;marcellosnc@gmail.com;"Lun-Ven 8:30-19:30; Sab 8:30-13:00; Dom chiusa";n.d.;n.d.;ATTIVA;NESSUNA;;Farmacia Salaria / Marcello (dr.ssa Antonella Castiello);"Ministero Salute open data (06/10/2026); farmaciediturno.org; ricerca web; verifica HTTP del dominio";2026-10-06;Marcello srl;03904980616;9268
Farmacia Ioculano;Via Tiburtina, 40;00185;San Lorenzo;II;06 4456390;n.d.;"Lun-Sab 8:30-20:00; Dom chiusa";n.d.;n.d.;ATTIVA;NESSUNA;;"Farmacia Ioculano (dr. Domenico Ioculano); galenica, omeopatia";"Ministero Salute open data (06/10/2026); farmaciediturno.org; ricerca web; verifica HTTP del dominio";2026-10-06;IOCULANO DI DOMENICO IOCULANO SAS;09467481009;9242
Farmacia Bonsignori;Via Tagliamento, 58/60;00192;Trieste;II;06 8416810;farmaciabonsignori@legalmail.it (PEC);"Lun-Ven 8:30-19:30; Sab 8:30-13:00; Dom chiusa";n.d.;n.d.;ATTIVA;NESSUNA;;Farmacia Bonsignori;"Ministero Salute open data (06/10/2026); farmaciediturno.org; ricerca web; verifica HTTP del dominio";2026-10-06;FARMACIA BONSIGNORI S.A.S. DI GIUSEPPE BONSIGNORI & CO;14828021007;9083
Farmacia Crati Srl;Piazza Crati, 27;00199;Trieste;II;06 86213451;n.d.;n.d.;n.d.;n.d.;DA VERIFICARE;NESSUNA;;"Farmacia Crati (dr.ssa Anna Maria Cuttano); solo directory";"Ministero Salute open data (06/10/2026); farmaciediturno.org; ricerca web; verifica HTTP del dominio";2026-10-06;FARMACIA CRATI SRL;14745451006;9227
Farmacia Istria;Piazza Istria, 8;00198;Trieste;II;06 8553503;n.d.;"Lun-Ven 8:30-20:00; Sab 8:30-19:30; Dom chiusa";n.d.;n.d.;ATTIVA;NESSUNA;;"Farmacia Istria (dr.ssa Alessandra Grappasonni); partner ESN Luiss";"Ministero Salute open data (06/10/2026); farmaciediturno.org; ricerca web; verifica HTTP del dominio";2026-10-06;ISTRIA;11211951006;9151
Farmacia Piazza Quadrata;Viale Regina Margherita, 61/63;00198;Trieste;II;06 8416721;n.d.;Lun-Dom 8:00-21:00;n.d.;n.d.;ATTIVA;NESSUNA;;Farmacia Piazza Quadrata (Mongardini e Sulis);"Ministero Salute open data (06/10/2026); farmaciediturno.org; ricerca web; verifica HTTP del dominio";2026-10-06;PIAZZA QUADRATA DEI DR.I MONGARDINI ROBERTO E SULIS MARILENA SNC;10656341004;9161
Farmacia Tagliavini;Via Priscilla, 77/79;00199;Trieste;II;06 86217594;farmaciatagliavinisas@gmail.com;"Lun-Ven 8:30-13:30 e 15:30-20:00; Sab 8:30-13:00; Dom chiusa";n.d.;n.d.;ATTIVA;NESSUNA;;"Farmacia Tagliavini (dr.sse Cianci); farmaciatagliavini.it è di Poviglio (RE)";"Ministero Salute open data (06/10/2026); farmaciediturno.org; ricerca web; verifica HTTP del dominio";2026-10-06;TAGLIAVINI DI CIANCI FRANCESCA E GIUDITTA E C. SAS;13654031007;9113
Farmacia Trieste;Corso Trieste, 78;00198;Trieste;II;06 8413289;n.d.;"Lun-Ven 8:30-20:00; Sab 8:30-13:00; Dom chiusa";n.d.;n.d.;ATTIVA;NESSUNA;;"Farmacia Trieste; dominio farmaciatrieste.it in vendita (Nidoma)";"Ministero Salute open data (06/10/2026); farmaciediturno.org; ricerca web; verifica HTTP del dominio";2026-10-06;LENZI MICHELE;09858850580;9232
Farmacia Florio;Via Radicofani, 147;00138;Fidene;III;06 8805639;n.d.;"Lun-Ven 8:30-13:00 e 15:30-20:00; Sab 8:30-13:00; Dom chiusa";n.d.;n.d.;ATTIVA;NESSUNA;;"Farmacia Florio (dr.ssa Mariassunta Florio); omeopatia, veterinaria";"Ministero Salute open data (06/10/2026); farmaciediturno.org; ricerca web; verifica HTTP del dominio";2026-10-06;FLORIO MARIASSUNTA;07737160585;9185
Farmacia Beta;Via Val Trompia, 61/63;00141;Monte Sacro;III;06 8172546;beta@bavuso.it;"Lun-Sab 8:30-13:00 e 16:00-19:30; Dom chiusa";n.d.;n.d.;ATTIVA;NESSUNA;;Farmacia Beta (dr.ssa Manuela Bavuso);"Ministero Salute open data (06/10/2026); farmaciediturno.org; ricerca web; verifica HTTP del dominio";2026-10-06;BETA DELLA DR.SSA BAVUSO MANUELA;13513431000;9124
Farmacia Capri;Via Val di Cogne, 4;00141;Monte Sacro;III;06 8100791;n.d.;"Lun-Ven 8:30-13:00 e 16:00-19:30; Sab 8:30-13:00; Dom chiusa";n.d.;n.d.;ATTIVA;NESSUNA;;Farmacia Capri (dr. Walter Galimi);"Ministero Salute open data (06/10/2026); farmaciediturno.org; ricerca web; verifica HTTP del dominio";2026-10-06;GALIMI WALTER;08138190585;9189
Farmacia Ro.Ma.;Via Conca D'Oro, 213-217;00141;Monte Sacro;III;06 98262445;n.d.;"Lun-Ven 8:00-20:30; Sab-Dom 9:00-20:30";n.d.;n.d.;ATTIVA;NESSUNA;;"Farmacia Ro.Ma. (Di Lauro); farmaciaroma.it è di Verona";"Ministero Salute open data (06/10/2026); farmaciediturno.org; ricerca web; verifica HTTP del dominio";2026-10-06;FARMACIA RO.MA. S.A.S. DI MARIA VITTORIA DI LAURO;13848731009;19426
Farmacia Sant'Andrea;Largo Valtournanche, 12;00141;Monte Sacro;III;06 97617833;n.d.;Lun-Dom 8:00-20:30;n.d.;n.d.;ATTIVA;NESSUNA;;Farmacia Sant'Andrea - Sanfarma (stessa società di Sanfarma Viale Jonio 353?);"Ministero Salute open data (06/10/2026); farmaciediturno.org; ricerca web; verifica HTTP del dominio";2026-10-06;SANT'ANDREA SRL;17335201004;9105
Farmacia Sempione;Corso Sempione, 16;00141;Monte Sacro;III;06 86899479;n.d.;"Lun-Ven 8:30-19:30; Sab 8:30-13:00; Dom chiusa";n.d.;n.d.;ATTIVA;NESSUNA;;"Farmacia Sempione (Rinaldi/Scarpellini, Piazza Sempione); farmaciasempione.it è di Torino";"Ministero Salute open data (06/10/2026); farmaciediturno.org; ricerca web; verifica HTTP del dominio";2026-10-06;SEMPIONE SNC R. RINALDI E. RINALDI E F. SCARPELLINI;06645591006;9125
Farmacia Serlenga;Via Ettore Romagnoli, 76/78;00137;Monte Sacro Alto;III;06 86801904;n.d.;"Lun-Sab 8:30-19:30; Dom chiusa";n.d.;n.d.;ATTIVA;NESSUNA;;"Farmacia Serlenga (Talenti); consegna a domicilio";"Ministero Salute open data (06/10/2026); farmaciediturno.org; ricerca web; verifica HTTP del dominio";2026-10-06;SERLENGA TOMMASO;02386100586;9103
Farmacia Porta Di Roma;Via Adolfo Celi, 65;00139;Porta di Roma;III;06 87643944;farmaciaportadiroma@gmail.com;"Lun-Ven 8:00-20:00; Sab 8:00-19:00; Dom chiusa";n.d.;n.d.;ATTIVA;NESSUNA;;"Farmacia Porta di Roma; email gmail; farmaciaportadiroma.it è un altro sito";"Ministero Salute open data (06/10/2026); farmaciediturno.org; ricerca web; verifica HTTP del dominio";2026-10-06;Farmacia Porta Di Roma Snc Dei Dottori Ma Riapia Leggiero, Antonio Bellantoni E Salvatore Palmieri;14232461005;19468
Farmacia Iurlo;Via A. Cabrini, 32;00139;Serpentara;III;06 8180271;n.d.;"Lun-Ven 8:30-13:00 e 16:30-19:30; Sab 8:30-13:00; Dom chiusa";n.d.;n.d.;ATTIVA;NESSUNA;;Farmacia Iurlo (Rita Iurlo);"Ministero Salute open data (06/10/2026); farmaciediturno.org; ricerca web; verifica HTTP del dominio";2026-10-06;Farmacia Erede Dott.ssa Rita Iurlo di Badiali Renata;18657901007;9212
Farmacia Morelli;Via G. Boccomini, 25;00139;Serpentara;III;06 8803908;farmaciamorelli@idlitalia.it;"Lun-Ven 8:30-19:30; Sab 8:30-13:00 e 16:00-19:30; Dom chiusa";n.d.;n.d.;ATTIVA;NESSUNA;;"Farmacia Morelli (dr.ssa Simonetta Morelli, Serpentara); farmaciamorelli.it non riconducibile all'indirizzo";"Ministero Salute open data (06/10/2026); farmaciediturno.org; ricerca web; verifica HTTP del dominio";2026-10-06;FARMACIA MORELLI S.A.S. DELLA DOTTORESSA SIMONETTA MORELLI;15182071009;9169
Farmacia Valentini;Via G.Antamoro, 86/b;00137;Talenti;III;06 87136029;n.d.;"Lun-Ven 9:00-13:00 e 16:00-19:30; Sab 9:00-13:00; Dom chiusa";n.d.;n.d.;ATTIVA;NESSUNA;;"Farmacia Valentini (Talenti); consegna a domicilio, pressione, veterinaria";"Ministero Salute open data (06/10/2026); farmaciediturno.org; ricerca web; verifica HTTP del dominio";2026-10-06;VALENTINI MASSIMO;00825481005;9114
Farmacia Ghinozzi;Via M. B. Tosatti, 39;00137;Talenti / Casal Boccone;III;06 821625;n.d.;"Lun-Ven 8:30-13:00 e 16:30-20:00; Sab 8:30-13:00; Dom chiusa";n.d.;n.d.;ATTIVA;NESSUNA;;Farmacia Ghinozzi (dr.ssa Paola Ghinozzi);"Ministero Salute open data (06/10/2026); farmaciediturno.org; ricerca web; verifica HTTP del dominio";2026-10-06;GHINOZZI PAOLA;08273540586;9203
Farmacia Dagu;Via Giuseppe De Nava, 9;00139;Val Melaina;III;06 88640066;farmaciadagui@pec.it (PEC);"Lun-Ven 8:30-13:00 e 16:00-19:30; Sab 8:30-13:00; Dom chiusa";n.d.;n.d.;ATTIVA;NESSUNA;;"Farmacia Daguì (dr. Silvestro Daguì); celiachia, omeopatia";"Ministero Salute open data (06/10/2026); farmaciediturno.org; ricerca web; verifica HTTP del dominio";2026-10-06;DAGUI' SILVESTRO;09667180583;9226
Farmacia Filattiera;Piazza Filattiera, 6;00139;Val Melaina;III;06 8123453;n.d.;"Lun-Sab 8:30-13:00 e 16:30-19:30; Dom chiusa";n.d.;n.d.;ATTIVA;NESSUNA;;"Farmacia Filattiera (dr.ssa Assunta Mammarella); dominio farmaciafilattiera.it parcheggiato";"Ministero Salute open data (06/10/2026); farmaciediturno.org; ricerca web; verifica HTTP del dominio";2026-10-06;FARMACIA FILATTIERA S.A.S. DELLA DOTTORESSA ASSUNTA MAMMARELLA;16211571001;9266
Farmacia Tinto;Via F. A. Gualterio, 50/c;00139;Val Melaina;III;06 8120913;n.d.;"Lun-Ven 8:30-13:00 e 16:00-19:30; Sab 8:30-13:00; Dom chiusa";n.d.;n.d.;ATTIVA;NESSUNA;;Farmacia Tinto dr.ssa Serafina Falletta;"Ministero Salute open data (06/10/2026); farmaciediturno.org; ricerca web; verifica HTTP del dominio";2026-10-06;FALLETTA SERAFINA;03067530588;9131
Farmacia Traversa;Via Monte Sirino, 10;00139;Val Melaina;III;06 8180248;n.d.;"Lun-Ven 8:30-13:00 e 16:00-19:30; Sab 8:30-13:00; Dom chiusa";n.d.;n.d.;ATTIVA;NESSUNA;;Farmacia Isola (dr.ssa Patrizia Traversa);"Ministero Salute open data (06/10/2026); farmaciediturno.org; ricerca web; verifica HTTP del dominio";2026-10-06;FARMACIA TRAVERSA SAS;17837771009;9159
Farmacia Gerardini;Largo dAMIANO cHIESA, 7;00136;Balduina;XIV;06 35497546;farm.gerardini@tiscali.it;"Lun-Ven 8:30-13:00 e 16:00-19:30; Sab 8:30-13:00; Dom chiusa";n.d.;n.d.;ATTIVA;NESSUNA;;"Farmacia Gerardini (dr.ssa Renata Gerardini); telemedicina, ECG, holter, CUP, vaccini";"Ministero Salute open data (06/10/2026); farmaciediturno.org; ricerca web; verifica HTTP del dominio";2026-10-06;GERARDINI RENATA;07642400589;9716
Farmacia Casal Del Marmo;Via Casal Del Marmo 201/203/205;00135;Casal del Marmo;XIV;06 30816169;n.d.;"Lun-Gio 8:30-20:30; Ven 8:00-20:30; Sab 8:30-20:30; Dom chiusa";n.d.;n.d.;ATTIVA;NESSUNA;;"Farmacia Casal del Marmo (dr. Andrea Cerullo); telemedicina, ECG, holter, CUP";"Ministero Salute open data (06/10/2026); farmaciediturno.org; ricerca web; verifica HTTP del dominio";2026-10-06;Farmacia Casal Del Marmo;14076491001;19872
Farmacia Angeletti;Via della Stazione di Ottavia, 96;00135;Ottavia;XIV;06 30813815;farmacia.angeletti@libero.it;Lun-Dom 8:30-20:00;n.d.;n.d.;ATTIVA;NESSUNA;;"Farmacia Angeletti (dr. Rogiero Angeletti); celiachia; aperta 7/7";"Ministero Salute open data (06/10/2026); farmaciediturno.org; ricerca web; verifica HTTP del dominio";2026-10-06;ANGELETTI RUGGERO;10223740589;9766
Farmacia Aputeka;Via Della Palmarola 22, 22;00135;Palmarola;XIV;06 3097207;n.d.;"Lun-Ven 8:00-20:00; Sab 8:30-20:00; Dom chiusa";n.d.;n.d.;ATTIVA;NESSUNA;;"Farmacia Aputeka (Linarolo); orario 7:30-20:30";"Ministero Salute open data (06/10/2026); farmaciediturno.org; ricerca web; verifica HTTP del dominio";2026-10-06;Farmacia Aputeka Srl;14369211009;19813
Farmacia Colapinto;Via Pietro Maffi, 74 A e B;00168;Primavalle;XIV;06 3013204;n.d.;"Lun-Ven 8:30-13:00 e 16:00-19:30; Sab 8:30-13:00; Dom chiusa";n.d.;n.d.;ATTIVA;NESSUNA;;"Farmacia Colapinto (dr.ssa Francesca Sofia Colapinto); telemedicina, celiachia, ortopedia";"Ministero Salute open data (06/10/2026); farmaciediturno.org; ricerca web; verifica HTTP del dominio";2026-10-06;COLAPINTO SAS DR.SSA COLAPINTO FRANCESCA SOFIA;09204301007;9682
Farmacia Crescimanno;Via Federico Borromeo, 13/15;00168;Primavalle;XIV;06 6270901;n.d.;"Lun-Ven 8:30-13:00 e 16:30-20:00; Sab 8:30-13:00; Dom chiusa";n.d.;n.d.;ATTIVA;NESSUNA;;Farmacia Crescimanno (dr.ssa Clotilde Crescimanno);"Ministero Salute open data (06/10/2026); farmaciediturno.org; ricerca web; verifica HTTP del dominio";2026-10-06;FARMACIA CRESCIMANNO SNC;15451821001;9671
Farmacia Lentini;Via del Forte Braschi, 20;00167;Primavalle;XIV;06 6279829;farmacialentini@alice.it;"Lun-Ven 8:30-13:00 e 15:30-20:00; Sab 8:30-13:00; Dom chiusa";n.d.;n.d.;ATTIVA;NESSUNA;;"Farmacia Lentini; integratori sportivi, celiachia, fiori di Bach";"Ministero Salute open data (06/10/2026); farmaciediturno.org; ricerca web; verifica HTTP del dominio";2026-10-06;LENTINI DI P. E M. LENTINI SNC;04567221009;9749
Farmacia Marcucci;Via EMMA CARELLI, 4;00168;Primavalle;XIV;06 3012596;antoniettamarcucci@tiscali.it;"Lun-Ven 8:30-13:00 e 16:30-20:00; Sab 8:30-13:00; Dom chiusa";n.d.;n.d.;ATTIVA;NESSUNA;;Farmacia Marcucci (dr.ssa Antonietta Marcucci / Campo);"Ministero Salute open data (06/10/2026); farmaciediturno.org; ricerca web; verifica HTTP del dominio";2026-10-06;ANNA CAMPO;14856421004;9706
Farmacia Trifarma;Via M. Battistini, 184 A/B;00167;Primavalle;XIV;06 6144824;n.d.;"Lun-Sab 8:30-20:00; Dom chiusa";n.d.;n.d.;ATTIVA;NESSUNA;;Farmacia Trifarma (Via Battistini 184/b);"Ministero Salute open data (06/10/2026); farmaciediturno.org; ricerca web; verifica HTTP del dominio";2026-10-06;TRIFARMA SRL;17643901006;9719
Farmacia Selva Candida;Via REZZATO, 111;00166;Selva Candida;XIV;06 51603522;n.d.;"Lun-Ven 8:30-19:30; Sab 8:30-13:00; Dom chiusa";n.d.;n.d.;ATTIVA;NESSUNA;;Farmacia Selva Candida (dr.sse Fares e Bogliolo);"Ministero Salute open data (06/10/2026); farmaciediturno.org; ricerca web; verifica HTTP del dominio";2026-10-06;FARMACIA SELVA CANDIDA DELLE DOTTORESSE FARES ROSAMARIA E BOGLIOLO VALERIA;16842881001;21046
Farmacia Andersen;Via Andersen, 50;00168;Torresina;XIV;06 61663086;farmacia.andersen@gmail.com;"Lun-Sab 8:30-20:00; Dom chiusa";n.d.;n.d.;ATTIVA;NESSUNA;;"Farmacia Andersen (dr.ssa Anna Sbarigia); omeopatia, veterinaria; aperta 7/7";"Ministero Salute open data (06/10/2026); farmaciediturno.org; ricerca web; verifica HTTP del dominio";2026-10-06;SBARIGIA DR.SSA ANNA;00000009129;9129
Farmacia Galeno;Via Cogoleto, 100/102;00168;Torrevecchia;XIV;06 3011878;n.d.;"Lun-Ven 8:30-13:00 e 16:00-19:30; Sab 8:30-13:00; Dom chiusa";n.d.;n.d.;ATTIVA;NESSUNA;;"Farmacia Galeno (dr. Pasquale Catalano); farmaciagaleno.it è di Livorno";"Ministero Salute open data (06/10/2026); farmaciediturno.org; ricerca web; verifica HTTP del dominio";2026-10-06;GALENO DI PASQUALE CATALANO SNC;09157191009;9745
Farmacia Gemelli;Largo A. Gemelli, 11;00168;Torrevecchia / Gemelli;XIV;06 3016499;adriana.ricciardi@ofrm.postecert.it (PEC);"Lun-Ven 8:00-20:00; Sab 8:00-13:30; Dom chiusa";n.d.;n.d.;ATTIVA;NESSUNA;;"Farmacia Gemelli (dr.ssa Adriana Ricciardi); farmaciagemelli.it è di Sant'Onofrio (VV)";"Ministero Salute open data (06/10/2026); farmaciediturno.org; ricerca web; verifica HTTP del dominio";2026-10-06;GEMELLI DRSSA RICCIARDI ADRIAN;10234680584;9753
Farmacia Dei Massimi;Piazza Monte Gaudio, 25;00135;Trionfale;XIV;06 3054830;n.d.;"Lun-Ven 8:30-13:00 e 16:30-20:00; Sab 8:30-13:00; Dom chiusa";n.d.;n.d.;ATTIVA;NESSUNA;;"Farmacia dei Massimi (dr.ssa Roberta Ceci); ortopedia, erboristeria, omeopatia";"Ministero Salute open data (06/10/2026); farmaciediturno.org; ricerca web; verifica HTTP del dominio";2026-10-06;FARMACIA DEI MASSIMI DEI DR.RI ROBERTA E ANDREA CECI SNC;05483471008;9772
Farmacia Travaglini;Via Cassia, 648/B;00189;Cassia;XV;06 33260718;farmaciatravaglini@virgilio.it;"Lun-Ven 8:30-19:30; Sab 8:30-13:00; Dom chiusa";n.d.;n.d.;ATTIVA;NESSUNA;;Farmacia Travaglini (dr. Luca Travaglini);"Ministero Salute open data (06/10/2026); farmaciediturno.org; ricerca web; verifica HTTP del dominio";2026-10-06;TRAVAGLINI DR. LUCA;01928070661;9701
Farmacia Ciarcià;Via baccanello, 361;00123;Cesano;XV;06 3037002;n.d.;"Lun-Sab 8:30-13:00 e 16:30-20:00; Dom chiusa";n.d.;n.d.;ATTIVA;NESSUNA;;"Farmacia Ciarcià (Cesano); dominio farmaciaciarcia.it registrato ma vuoto (placeholder one.com) - verificare se è loro";"Ministero Salute open data (06/10/2026); farmaciediturno.org; ricerca web; verifica HTTP del dominio";2026-10-06;Farmacia Ciarcia' SNC;15530441003;9666
Farmacia Fleming;Via Bevagna, 37 - P.zza M. da Spoleto 34;00191;Fleming;XV;06 3331849;n.d.;"Lun-Ven 8:00-20:30; Sab-Dom 8:30-20:30";n.d.;n.d.;ATTIVA;NESSUNA;;"Farmacia Fleming (dr.ssa Maria Grazia Malara); aperta 7/7";"Ministero Salute open data (06/10/2026); farmaciediturno.org; ricerca web; verifica HTTP del dominio";2026-10-06;FARMACIA FLEMING Dr.ssa Malara Maria Grazia;15761361003;9764
Farmacia Sant'Alfonso;Via Della Giustiniana 154/d;00188;La Giustiniana;XV;06 33677921;n.d.;"Lun-Ven 8:30-20:00; Sab 8:30-13:00; Dom chiusa";n.d.;n.d.;ATTIVA;NESSUNA;;"Farmacia Sant'Alfonso (sede 846 ""Pietro Lusetti"")";"Ministero Salute open data (06/10/2026); farmaciediturno.org; ricerca web; verifica HTTP del dominio";2026-10-06;"Sede Farmaceutica N.846 ""Pietro Lusetti""";14262291009;19835
Farmacia Iurlo;Via Isola Farnese, 4;00123;La Storta / Isola Farnese;XV;06 30891162;n.d.;"Lun-Ven 8:30-19:30; Sab 8:30-13:30; Dom chiusa";n.d.;n.d.;ATTIVA;NESSUNA;;"Farmacia Iurlo (dr. Mario Iurlo, La Storta/Isola Farnese); celiachia";"Ministero Salute open data (06/10/2026); farmaciediturno.org; ricerca web; verifica HTTP del dominio";2026-10-06;IURLO MARIO & C. SNC;04560911002;9757
Farmacia Colli D'Oro;Via VALBONDIONE, 109;00188;Labaro;XV;06 164169960;n.d.;"Lun-Ven 8:00-20:00; Sab 8:30-19:30; Dom chiusa (di turno questa settimana)";n.d.;n.d.;ATTIVA;NESSUNA;;Farmacia Colli d'Oro;"Ministero Salute open data (06/10/2026); farmaciediturno.org; ricerca web; verifica HTTP del dominio";2026-10-06;FARMACIA COLLI D'ORO S.R.L.;02738580691;20970
Farmacia Statilia;Via San Daniele del Friuli, snc;00188;Labaro;XV;06 33623497;farmaciaacqualagna@yahoo.it;"Lun-Ven 8:30-13:00 e 16:00-19:30; Sab 8:30-13:00; Dom chiusa";n.d.;n.d.;ATTIVA;NESSUNA;;Farmacia Acqualagna (dr.ssa Patrizia Acqualagna, Labaro);"Ministero Salute open data (06/10/2026); farmaciediturno.org; ricerca web; verifica HTTP del dominio";2026-10-06;ACQUALAGNA PATRIZIA;09613480582;9223
Farmacia Mosca;Via delle Galline Bianche, snc;00188;Prima Porta;XV;06 33612351;n.d.;"Lun-Ven 8:30-13:00 e 15:30-19:30; Sab 8:30-13:00; Dom chiusa";n.d.;n.d.;ATTIVA;NESSUNA;;"Farmacia Mosca (dr. Massimo Mosca, Prima Porta); aperta 8-21";"Ministero Salute open data (06/10/2026); farmaciediturno.org; ricerca web; verifica HTTP del dominio";2026-10-06;MOSCA MASSIMO;10271290586;9770
Farmacia Acquapendente;Via CASSIA, 842;00189;Tomba di Nerone;XV;06 45687788;n.d.;Lun-Dom 8:00-23:00;n.d.;n.d.;ATTIVA;NESSUNA;;"Farmacia Acquapendente (Tomba di Nerone); aperta 8-23";"Ministero Salute open data (06/10/2026); farmaciediturno.org; ricerca web; verifica HTTP del dominio";2026-10-06;FARMACIA ACQUAPENDENTE;17776761003;9696
Farmacia Cortina D'Ampezzo;Via dell'Acqua Traversa, 249;00135;Tomba di Nerone;XV;06 98266240;n.d.;"Lun-Sab 8:00-20:00; Dom chiusa";n.d.;n.d.;ATTIVA;NESSUNA;;"Farmacia Cortina d'Ampezzo (dr.sse De Santis e Mazzenga); aperta anche domenica mattina";"Ministero Salute open data (06/10/2026); farmaciediturno.org; ricerca web; verifica HTTP del dominio";2026-10-06;FARMACIA CORTINA D'AMPEZZO SAS;14201811008;19422
Farmacia Vigna Clara;Largo Vigna Stelluti, 34/35/36;00191;Vigna Clara;XV;06 3294849;farmaciavigna@gmail.com;"Lun-Sab 8:30-20:00; Dom chiusa";n.d.;n.d.;ATTIVA;NESSUNA;;"Farmacia Vigna Clara (dr.sse Bullio); email gmail; ECG, consegna in giornata";"Ministero Salute open data (06/10/2026); farmaciediturno.org; ricerca web; verifica HTTP del dominio";2026-10-06;VIGNA CLARA DR.SSE BIANCA MARIA E GIACINTA MANUELA BULLIO SNC;09051551001;9673
Farmacia Montagna;Via C. Ricotti, 42;00159;Nomentano;II;06 4393518;giuliocesaremontagna@yahoo.it;"Lun-Sab 8:30-20:00; Dom chiusa";https://www.facebook.com/FarmaciaErediMontagna/;n.d.;ATTIVA;SOLO SOCIAL;farmaciaeredimontagna.it;nome commerciale Farmacia Eredi Montagna;"Ministero Salute open data (06/10/2026); farmaciediturno.org; ricerca web; verifica HTTP del dominio";2026-10-06;EREDI DR. G.C. MONTAGNA DI FEDERICA COLLEGATI E FRANCESCA MONTAGNA SNC;03445430584;9316
Farmacia Nomentana 451;Via Nomentana, 451;00162;Nomentano;II;06 45435683;n.d.;"Lun-Sab 8:30-20:00; Dom chiusa (di turno questa settimana)";facebook.com/Farmacia-Nomentana-451;n.d.;ATTIVA;SOLO SOCIAL;;Farmacia Nomentana 451;"Ministero Salute open data (06/10/2026); farmaciediturno.org; ricerca web; verifica HTTP del dominio";2026-10-06;N^2847/Sede N^573 (Makalle);09467481009;9137
Farmacia Santa Emanuela;Via dei Sardi, 29;00185;San Lorenzo;II;06 4456762;anticafarmaciasantaemanuela@gmail.com;"Lun-Sab 8:30-20:30; Dom chiusa";https://www.facebook.com/AnticaFarmaciaSemanuela;n.d.;ATTIVA;SOLO SOCIAL;;"Antica Farmacia Santa Emanuela; email gmail";"Ministero Salute open data (06/10/2026); farmaciediturno.org; ricerca web; verifica HTTP del dominio";2026-10-06;FARMACIA SANTA EMANUELA;17533461004;9182
Farmacia Wall;Corso TRIESTE, 167;00198;Trieste;II;06 86203431;n.d.;"Lun-Ven 8:00-20:00; Sab 8:30-19:30; Dom 10:00-13:00";https://www.instagram.com/farmaciawall/;n.d.;ATTIVA;SOLO SOCIAL;;;"Ministero Salute open data (06/10/2026); farmaciediturno.org; ricerca web; verifica HTTP del dominio";2026-10-06;FARMACIA WALL SNC;14573491009;9146
Farmacia Grimaldi;Viale Jonio, 235;00141;Monte Sacro (Viale Jonio);III;06 8184952;farmaciagrimaldi@yahoo.it;"Lun-Ven 8:30-19:30; Sab 8:30-13:00; Dom chiusa";https://www.facebook.com/farmaciagrimaldiroma/;n.d.;ATTIVA;SOLO SOCIAL;;"Farmacia Grimaldi; noleggio ausili, dermocosmesi, fitoterapia";"Ministero Salute open data (06/10/2026); farmaciediturno.org; ricerca web; verifica HTTP del dominio";2026-10-06;GRIMALDI ENZO;02477800581;9163
Farmacia Medaglie D'Oro;Piazzale MEDAGLIE D'ORO, 73;00136;Balduina;XIV;06 54648468;farmaciamedagliedoro@libero.it;"Lun-Sab 8:00-20:00; Dom 8:30-20:00";https://www.facebook.com/farmaciamedagliedoro/;n.d.;ATTIVA;SOLO SOCIAL;;"Gruppo Farma; galenica; farmaciamedagliedoro.it rimanda alla Farmacia Gaoni";"Ministero Salute open data (06/10/2026); farmaciediturno.org; ricerca web; verifica HTTP del dominio";2026-10-06;FARMACIA MEDAGLIE D'ORO S.R.L.;15209991007;9733
Farmacia Savelli;Via duccio galimberti, 21;00136;Balduina;XIV;06 39736901;farmacia.cappelli@alice.it;"Lun-Ven 8:30-19:30; Sab 8:30-13:00; Dom chiusa";https://www.facebook.com/FarmacieSavelliBalduina/;n.d.;ATTIVA;SOLO SOCIAL;;Farmacie Savelli (ex Farmacia Cappelli);"Ministero Salute open data (06/10/2026); farmaciediturno.org; ricerca web; verifica HTTP del dominio";2026-10-06;farmacie savelli srl;13958441001;9687
Farmacia Padre Pio;Via Trionfale, 8768;00135;Ottavia / Trionfale;XIV;06 30600119;farmacialavergata@yahoo.it;"Lun-Sab 8:00-21:00; Dom 8:30-21:00";n.d.;n.d.;ATTIVA;SOLO SOCIAL;linktr.ee/farmaciegruppofarma;"Farmacia Padre Pio / S. Onofrio (dr. Lavergata); solo pagina Linktree di gruppo";"Ministero Salute open data (06/10/2026); farmaciediturno.org; ricerca web; verifica HTTP del dominio";2026-10-06;Farmacia S. Onofrio sede 193;05888241006;9668
Farmacia Bedeschi;Via P. Maffi, 130;00168;Primavalle;XIV;06 37891363;n.d.;"Lun-Sab 8:30-13:00 e 16:00-19:30; Dom chiusa";https://www.instagram.com/farmacia_bedeschi_roma/;n.d.;ATTIVA;SOLO SOCIAL;;"Farmacia Bedeschi (dr.ssa Patrizia Bedeschi); anche Facebook; dominio farmaciabedeschi.it parcheggiato";"Ministero Salute open data (06/10/2026); farmaciediturno.org; ricerca web; verifica HTTP del dominio";2026-10-06;FARMACIA BEDESCHI SAS;16968681003;9691
Farmacia Clemente Xi;Via Monti di Primavalle, 187;00167;Primavalle;XIV;06 6147485;farmaciaclemente11@gmail.com;"Lun-Ven 8:00-20:00; Sab 8:00-14:00; Dom chiusa";https://www.facebook.com/FarmaciaFeniciaClementeXI/;n.d.;ATTIVA;SOLO SOCIAL;;"Farmacia Clemente XI (gruppo La Fenicia); centro estetico olistico dal 2000";"Ministero Salute open data (06/10/2026); farmaciediturno.org; ricerca web; verifica HTTP del dominio";2026-10-06;CLEMENTE XI SAS DELLA DR.SSA VALERIA BUI & C.;10448121003;9781
Farmacia Torresina;Via Ruggero Orlando, 46/48;00168;Torresina;XIV;06 6145576;farmaciatorresinasnc@legalmail.it (PEC);"Lun-Ven 8:30-20:00; Sab 8:30-13:00 e 16:00-20:00; Dom 9:00-13:00";https://www.facebook.com/farmaciatorresina;n.d.;ATTIVA;SOLO SOCIAL;;Farmacia Torresina;"Ministero Salute open data (06/10/2026); farmaciediturno.org; ricerca web; verifica HTTP del dominio";2026-10-06;Farmacia Torresina Dei Dottori Russo Giuseppe,De Angelis Lucio Mario E Gargiulo Caramela S.n.c;14005841003;19428
Farmacia Kemeia;Via di Torrevecchia, 308;00168;Torrevecchia;XIV;06 3010821;n.d.;"Lun-Ven 8:00-20:00; Sab 8:30-19:30; Dom 9:00-13:00";https://www.facebook.com/farmaciakemeia/;n.d.;ATTIVA;SOLO SOCIAL;;Farmacia Kemeia (dr. Giovanni Luca Contarina);"Ministero Salute open data (06/10/2026); farmaciediturno.org; ricerca web; verifica HTTP del dominio";2026-10-06;CONTARINA GIOVANNI LUCA;10738780583;9779
Farmacia Volusia;Via Volusia (angolo via Cassia, 1056), 1;00189;Cassia (Tomba di Nerone);XV;06 31071895;n.d.;"Lun-Sab 8:00-21:00; Dom 9:00-13:00 e 16:00-20:00";https://www.instagram.com/farmacia_volusia/;n.d.;ATTIVA;SOLO SOCIAL;;"Farmacia Volusia; nutrizione, analisi corporea, alimenti proteici";"Ministero Salute open data (06/10/2026); farmaciediturno.org; ricerca web; verifica HTTP del dominio";2026-10-06;Farmacia Volusia;15036491007;20603
Farmacia Montichiari;Via VINCENZO COMPARINI, 122;00188;Labaro;XV;06 45479323;farmaciamontichiari@gmail.com;"Lun-Sab 8:30-19:30; Dom chiusa";https://www.instagram.com/farmacia_montichiari/;n.d.;ATTIVA;SOLO SOCIAL;;Farmacia Montichiari (dr.ssa Francesca Antonia Freno, Labaro);"Ministero Salute open data (06/10/2026); farmaciediturno.org; ricerca web; verifica HTTP del dominio";2026-10-06;FARMACIA MONTICHIARI  di FRANCESCA ANTONIA FRENO;01053890800;20429
Farmacia Policlinico;Via G.B. Morgagni, 30/C-30/D;00161;Nomentano (Policlinico);II;06 5584604;n.d.;"Lun-Ven 8:30-20:00; Sab 8:30-13:00; Dom chiusa";https://www.facebook.com/farmaciavitideangelis/;n.d.;ATTIVA;SITO NON FUNZIONANTE;farmaciaromapoliclinico.com;"Farmacia Viti De Angelis sede Policlinico; sito mostra ""momentaneamente non disponibile""";"Ministero Salute open data (06/10/2026); farmaciediturno.org; ricerca web; verifica HTTP del dominio";2026-10-06;Farmacia Policlinico;08425831008;9099
Farmacia Boito Sas Dr.Ssa Francesca Di Filippo;Viale Somalia, 235;00199;Quartiere Africano;II;06 8600685;n.d.;n.d.;n.d.;n.d.;DA VERIFICARE;SITO NON FUNZIONANTE;farmaciaboito.it;dominio citato nelle directory ma non raggiungibile;"Ministero Salute open data (06/10/2026); farmaciediturno.org; ricerca web; verifica HTTP del dominio";2026-10-06;farmacia boito sas dr.ssa francesca di filippo;14570811001;9149
Farmacia Caprino;Viale Somalia, 84 (Ang. Via Villa Chigi);00199;Quartiere Africano;II;06 86212159;n.d.;"Lun-Ven 8:00-20:00; Sab 8:00-13:30; Dom chiusa (di turno questa settimana)";n.d.;n.d.;ATTIVA;SITO NON FUNZIONANTE;farmaciacaprino.it;"dominio citato nelle directory ma non raggiungibile; prodotti per celiaci";"Ministero Salute open data (06/10/2026); farmaciediturno.org; ricerca web; verifica HTTP del dominio";2026-10-06;CAPRINO SNC;11822231004;9112
Farmacia Libia;Viale Libia, 114;00199;Quartiere Africano;II;06 86216224;n.d.;"Lun-Sab 8:30-20:00; Dom chiusa";n.d.;n.d.;ATTIVA;SITO NON FUNZIONANTE;farmacialibia.com;dominio citato nelle directory ma non raggiungibile;"Ministero Salute open data (06/10/2026); farmaciediturno.org; ricerca web; verifica HTTP del dominio";2026-10-06;FARMACIA LIBIA DEL DOTTOR MARIO CATARINELLA SOCIETA' IN ACCOMANDI TA SEMPLICE;17104311000;9204
Farmacia Pinchetti;Via dei Sabelli, 84;00185;San Lorenzo;II;06 490237;info@farmaciasanlorenzoroma.it;"Lun-Ven 8:30-13:00 e 16:00-19:30; Sab 8:30-13:00; Dom chiusa";n.d.;n.d.;ATTIVA;SITO NON FUNZIONANTE;farmaciasanlorenzoroma.it;email info@farmaciasanlorenzoroma.it ma dominio non raggiungibile;"Ministero Salute open data (06/10/2026); farmaciediturno.org; ricerca web; verifica HTTP del dominio";2026-10-06;FARMACIA PINCHETTI SNC DEL DOTT MARCO PINCHETTI E FIGLIE;14648021005;9130
Farmacia Vescovio;Via Magliano Sabina, 25;00199;Trieste;II;06 86210998;farmaciavescovio@interfree.it;"Lun-Ven 8:30-19:30; Sab 8:30-13:30 e 16:00-19:30; Dom chiusa";n.d.;n.d.;ATTIVA;SITO NON FUNZIONANTE;farmaciavescovio.com;dominio non raggiungibile al 06/10/2026;"Ministero Salute open data (06/10/2026); farmaciediturno.org; ricerca web; verifica HTTP del dominio";2026-10-06;FARMACIA VESCOVIO SNC DELLA DR.SSA BRUNA BRIENZA & C;15515951000;9133
Farmacia Bernari;Via Carlo Bernari, 37-39-41;00139;Casal Boccone;III;06 53097215;farmaciabernari@gmail.com;"Lun-Ven 8:00-20:00; Sab 8:30-13:00 e 16:30-20:00; Dom chiusa";n.d.;n.d.;ATTIVA;SITO NON FUNZIONANTE;farmaciabernari.it;"dominio indicizzato ma non raggiungibile al 06/10/2026; email gmail; aperta 2012 (concorso straordinario)";"Ministero Salute open data (06/10/2026); farmaciediturno.org; ricerca web; verifica HTTP del dominio";2026-10-06;Farmacia Bernari srl;14994091008;20457
Farmacia Conca D'Oro;Piazza Conca D'Oro, 34/37;00141;Monte Sacro;III;06 87184060;n.d.;"Lun 9:30-12:30; Mar-Ven 8:30-20:00; Sab 9:00-13:00; Dom chiusa";n.d.;n.d.;ATTIVA;SITO NON FUNZIONANTE;farmaciapiazzaconcadoro.com;"dominio citato ma non risolve; consegna a domicilio, celiachia";"Ministero Salute open data (06/10/2026); farmaciediturno.org; ricerca web; verifica HTTP del dominio";2026-10-06;CONCA D'ORO;07097091008;9148
Farmacia Sant'Antonio;Viale Jonio, 353;00141;Monte Sacro (Viale Jonio);III;06 87188621;info@farmaciasantantonio.cloud;Lun-Dom 7:00-22:00;n.d.;n.d.;ATTIVA;SITO NON FUNZIONANTE;farmaciasantantonio.cloud;"dominio .cloud non raggiungibile; gruppo ""Le Farmacie dei Santi"" (Sanfarma) - verificare sito di gruppo";"Ministero Salute open data (06/10/2026); farmaciediturno.org; ricerca web; verifica HTTP del dominio";2026-10-06;SANFARMA SRL FARMACIA SANT'ANTONIO;14725851001;9094
Farmacia Celani;Via Isole Curzolane, 156;00139;Prati Fiscali;III;06 8189341;info@farmaciacelani.it;"Lun-Ven 8:30-19:30; Sab 8:30-13:00; Dom chiusa";https://www.facebook.com/farmaciacelaniroma/;n.d.;ATTIVA;SITO NON FUNZIONANTE;farmaciacelani.it;"sito WordPress ""presto disponibile"" (in costruzione)";"Ministero Salute open data (06/10/2026); farmaciediturno.org; ricerca web; verifica HTTP del dominio";2026-10-06;CELANI DI ALESSANDRO CELANI SAS;08252801009;9190
Farmacia Fabbri;Via Salaria, 1434;00138;Settebagni;III;06 8889203;n.d.;"Lun-Ven 8:00-19:30; Sab 8:30-13:00 e 16:30-19:30; Dom chiusa";facebook: Farmacia-Fabbri-Daria-Settebagni;n.d.;ATTIVA;SITO NON FUNZIONANTE;farmaciafabbridaria.it;"dominio citato ma non raggiungibile; celiachia, autoanalisi";"Ministero Salute open data (06/10/2026); farmaciediturno.org; ricerca web; verifica HTTP del dominio";2026-10-06;FABBRI DARIA;08865321007;9144
Farmacia Pianesi;Via G. Pacchiarotti, 34;00139;Val Melaina;III;06 8810761;patrizia@farmaciapianesi.it;"Lun-Sab 8:30-13:00 e 16:00-19:30; Dom chiusa";n.d.;n.d.;ATTIVA;SITO NON FUNZIONANTE;farmaciapianesi.it;"dominio citato ma non raggiungibile; galenica, omeopatia, autoanalisi";"Ministero Salute open data (06/10/2026); farmaciediturno.org; ricerca web; verifica HTTP del dominio";2026-10-06;Farmacia Pianesi S.r.l.;09472351007;9134
Farmacia Nocerino;Largo Giannina Milli, 17-18-18/a;00135;Ottavia;XIV;06 30600612;farmacia.nocerino@alice.it;"Lun-Ven 8:30-19:30; Sab 8:30-13:00; Dom chiusa";n.d.;n.d.;ATTIVA;SITO NON FUNZIONANTE;farmacianocerino.it;dominio registrato (Shellrent) ma senza sito;"Ministero Salute open data (06/10/2026); farmaciediturno.org; ricerca web; verifica HTTP del dominio";2026-10-06;NOCERINO DOTT. GUIDO SNC;13228671007;9695
Farmacia Ottavia;Via TRIONFALE, 11270/11264/11260;00135;Ottavia;XIV;06 30812750;info@farmaciaottavia.com;"Lun-Sab 8:30-20:00; Dom chiusa";n.d.;n.d.;ATTIVA;SITO NON FUNZIONANTE;farmaciaottavia.com;"dominio citato ma non raggiungibile; celiachia, intolleranze, holter pressorio, noleggio ausili";"Ministero Salute open data (06/10/2026); farmaciediturno.org; ricerca web; verifica HTTP del dominio";2026-10-06;FARMACIA OTTAVIA S.N.C. della Dr.ssa Angela Tabarrini & C.;14803671008;9675
Farmacia Bavaro;Via Trionfale, 8578;00135;Ottavia / Trionfale;XIV;06 3382719;n.d.;"Lun-Ven 8:00-13:30 e 15:00-19:30; Sab 8:00-13:30 e 16:00-19:30; Dom chiusa";n.d.;n.d.;ATTIVA;SITO NON FUNZIONANTE;farmaciabavaro.it;dominio citato ma non raggiungibile;"Ministero Salute open data (06/10/2026); farmaciediturno.org; ricerca web; verifica HTTP del dominio";2026-10-06;Farmacia Bavaro Sas della dr.ssa Rosanna Bavaro & C;15405031004;9720
Farmacia La Fenicia 2;Via NOSATE, 18;00166;Selva Nera;XIV;06 61560132;n.d.;"Lun-Sab 8:00-20:00; Dom 8:00-14:00";https://www.facebook.com/farmacialafenicia/;n.d.;ATTIVA;SITO NON FUNZIONANTE;farmacialafenicia.it;"dominio mostra pagina di default del server; telemedicina, autoanalisi, galenica";"Ministero Salute open data (06/10/2026); farmaciediturno.org; ricerca web; verifica HTTP del dominio";2026-10-06;FARMACIA LA FENICIA 2 DELLA SOCIETA' PANTO FARMACIE S.R.L. SAS;09443201000;9702
Farmacia Farnesina;Via della Farnesina, 145/147;00194;Farnesina;XV;06 36307409;farmaciafarnesina@gmail.com;"Lun-Ven 8:00-20:00; Sab 8:30-19:30; Dom chiusa";n.d.;n.d.;ATTIVA;SITO NON FUNZIONANTE;farmaciafarnesina.com;"Farmacia Salsano/Farnesina; sito indicizzato ma non raggiungibile al controllo; email gmail";"Ministero Salute open data (06/10/2026); farmaciediturno.org; ricerca web; verifica HTTP del dominio";2026-10-06;SALSANO DI BASSO G. E M.R. SNC;04364861007;9741
Farmacia Due Pini;Via del Golf, 12;00194;Farnesina / Due Pini;XV;06 36301631;n.d.;"Lun-Ven 8:30-20:00; Sab 8:30-19:30; Dom chiusa";n.d.;n.d.;ATTIVA;SITO NON FUNZIONANTE;farmacia2pini.business.site;aveva solo un sito Google Business (servizio chiuso da Google nel 2024);"Ministero Salute open data (06/10/2026); farmaciediturno.org; ricerca web; verifica HTTP del dominio";2026-10-06;DUE PINI DR.SSA GALLI MARIA ROSARIA;07378321009;10484
Farmacia Olgiata;Via ANTON GIULIO BRAGAGLIA, 29/D;00123;Olgiata;XV;06 30881021;n.d.;"Lun-Sab 8:30-19:30; Dom chiusa";n.d.;n.d.;ATTIVA;SITO NON FUNZIONANTE;farmaciaolgiata.com;"dominio citato ma non raggiungibile; profilo Doctolib; 20 dipendenti";"Ministero Salute open data (06/10/2026); farmaciediturno.org; ricerca web; verifica HTTP del dominio";2026-10-06;OLGIATA SNC Dr.i Picchioni Massimo e Paolo;08528381000;17524
Farmacia Mazzini Euclide;Via Chelini, 34 (Piazza Euclide);00197;Pinciano;II;06 64790092;n.d.;"Lun-Ven 7:00-21:30; Sab-Dom 8:30-20:30";n.d.;n.d.;DA VERIFICARE;DA VERIFICARE;;"Farmacia Eredi Boscarino (Piazza Euclide); farmaciaboscarino.it è di Firenze; su farmaciediturno.org ora risulta ""Farmacia Mazzini Euclide"": probabile passaggio al gruppo Farmacia Mazzini (farmaciamazziniroma.it)";"Ministero Salute open data (06/10/2026); farmaciediturno.org; ricerca web; verifica HTTP del dominio";2026-10-06;EREDI DR.SSA BOSCARINO LUCIA;13656371005;9194
Farmacia Ormea;Via Salaria, 34/36/38;00198;Trieste;II;06 8553271;farmacia.ormea@inwind.it;"Lun-Ven 8:30-20:00; Sab 8:30-13:00; Dom chiusa";n.d.;n.d.;DA VERIFICARE;DA VERIFICARE;;"Farmacia Ormea; alcune fonti indicano CEF La Farmacia Italiana/Bene Farmacie in Via Salaria 84 - verificare se è passata a una catena";"Ministero Salute open data (06/10/2026); farmaciediturno.org; ricerca web; verifica HTTP del dominio";2026-10-06;ORMEA DEI DR.I MARIELLA E GIAN BATTISTA ORMEA SNC;07754091002;9239
Farmacia Santa Rita;Via Val Maira, 11/13/15;00141;Monte Sacro;III;06 8100940;n.d.;"Lun-Ven 8:30-13:00 e 16:00-19:30; Sab 8:30-13:00; Dom chiusa";n.d.;n.d.;DA VERIFICARE;DA VERIFICARE;farmaciauno.it;"Farmacia Santa Rita (dr.ssa Migliorino); farmaciauno.it indicato ma risponde 403 - verificare se è rete/sito proprio";"Ministero Salute open data (06/10/2026); farmaciediturno.org; ricerca web; verifica HTTP del dominio";2026-10-06;SANTA RITA DELLA DR.SSA MIGLIORINO RITA & C. SAS;06613421004;9267
Farmacia Talenti;Via Renato Fucini, 70;00137;Monte Sacro Alto;III;06 87140635;n.d.;Lun-Dom 7:30-20:30;n.d.;n.d.;DA VERIFICARE;DA VERIFICARE;farmaciatalenti.it;"insegna Iofarma; farmaciatalenti.it non raggiungibile - verificare se la rete ha pagina dedicata";"Ministero Salute open data (06/10/2026); farmaciediturno.org; ricerca web; verifica HTTP del dominio";2026-10-06;Farmacia Talenti;05770240876;19379
Farmacia Balduina;Via ATTILIO FRIGGERI, 153;00136;Balduina;XIV;06 35347139;n.d.;"Lun-Ven 8:30-13:00 e 16:00-19:30; Sab 8:30-13:00; Dom chiusa (di turno questa settimana)";n.d.;n.d.;DA VERIFICARE;DA VERIFICARE;farmaciamazziniroma.it;directory collegano il sito e-commerce di Farmacia Mazzini, che non cita la Balduina - verificare;"Ministero Salute open data (06/10/2026); farmaciediturno.org; ricerca web; verifica HTTP del dominio";2026-10-06;FARMACIA BALDUINA S.R.L.;15959111004;9742
Farmacia Casal Del Marmo;Via Gaverina, 10;00166;Casal del Marmo;XIV;n.d.;n.d.;"Lun-Ven 8:30-20:00; Sab 8:30-13:00; Dom chiusa";n.d.;n.d.;DA VERIFICARE;DA VERIFICARE;;"dominio farmaciacasaldelmarmo.it parcheggiato/non collegato; servizi: telemedicina, ECG, holter, CUP; stessa titolare (dr. Andrea Cerullo) di Via Casal del Marmo 201: possibile trasferimento, verificare se esistono due sedi";"Ministero Salute open data (06/10/2026); farmaciediturno.org; ricerca web; verifica HTTP del dominio";2026-10-06;CASAL DEL MARMO;09939301009;9117
